UK,195
AI,100
CC,92
ID,56
Ukraine,51
Russia,40
Egypt,24
AD,23
Canada,19
Australia,19
Germany,19
France,18
India,18
China,14
Poland,13
Cuba,13
Spain,12
Israel,11
ARM,10
TV,10
GB,9
Japan,9
Italy,9
Finland,9
Belarus,9
USA,8
Ireland,8
TON,8
Pakistan,7
PNG,6
Singapore,6
PE,6
MS,6
Turkey,6
Netherlands,6
Bangladesh,6
FM,6
Indonesia,5
Sudan,5
Brazil,5
Mexico,4
CF,4
Switzerland,4
Kazakhstan,4
Bermuda,4
Thailand,4
NIC,4
PM,3
ETH,3
Norway,3
IM,3
CA,3
VC,3
Mali,3
Sweden,3
Slovakia,3
Romania,3
IO,3
PS,3
Bulgaria,3
Belgium,3
Qatar,3
MP,3
DOM,3
Philippines,2
Estonia,2
Greece,2
Lithuania,2
AG,2
Chile,2
Czechia,2
Hungary,2
Latvia,2
CU,2
IR,2
Portugal,2
Rwanda,2
Malaysia,1
Uganda,1
ET,1
TD,1
GA,1
VAT,1
Austria,1
PT,1
Denmark,1
SSD,1
BT,1
SA,1
Somalia,1
Montenegro,1
Morocco,1
Argentina,1
ABW,1
EST,1
ST,1
Ecuador,1
BD,1
Kyrgyzstan,1
DJI,1
CI,1
CD,1
BA,1
PK,1
HR,1
BM,1
Algeria,1
Tunisia,1
Madagascar,1
Niger,1
Myanmar,1
Cambodia,1
SD,1
